filename,label
test_2000000.jpg,0
test_2000002.jpg,0
test_2000006.jpg,0
test_2000008.jpg,1
test_2000009.jpg,1
test_2000011.jpg,0
test_2000012.jpg,0
test_2000015.jpg,1
test_2000019.jpg,0
test_2000021.jpg,1
test_2000025.jpg,0
test_2000027.jpg,1
test_2000030.jpg,0
test_2000032.jpg,0
test_2000036.jpg,0
test_2000040.jpg,1
test_2000042.jpg,1
test_2000044.jpg,1
test_2000045.jpg,0
test_2000046.jpg,1
test_2000048.jpg,0
test_2000051.jpg,1
test_2000052.jpg,1
test_2000055.jpg,1
test_2000057.jpg,0
test_2000058.jpg,0
test_2000059.jpg,1
test_2000062.jpg,1
test_2000065.jpg,0
test_2000069.jpg,1
test_2000071.jpg,1
test_2000072.jpg,0
test_2000075.jpg,1
test_2000077.jpg,1
test_2000080.jpg,0
test_2000081.jpg,0
test_2000082.jpg,0
test_2000087.jpg,1
test_2000089.jpg,1
test_2000093.jpg,1
test_2000094.jpg,1
test_2000099.jpg,0
test_2000100.jpg,1
test_2000102.jpg,1
test_2000103.jpg,1
test_2000104.jpg,0
test_2000108.jpg,0
test_2000109.jpg,0
test_2000110.jpg,1
test_2000111.jpg,0
test_2000112.jpg,0
test_2000114.jpg,0
test_2000118.jpg,0
test_2000122.jpg,0
test_2000123.jpg,0
test_2000127.jpg,0
test_2000128.jpg,0
test_2000130.jpg,0
test_2000133.jpg,0
test_2000134.jpg,0
test_2000135.jpg,0
test_2000137.jpg,0
test_2000141.jpg,0
test_2000142.jpg,0
test_2000143.jpg,0
test_2000146.jpg,0
test_2000151.jpg,0
test_2000152.jpg,0
test_2000156.jpg,0
test_2000158.jpg,0
test_2000161.jpg,1
test_2000163.jpg,1
test_2000165.jpg,0
test_2000167.jpg,0
test_2000168.jpg,0
test_2000169.jpg,1
test_2000170.jpg,0
test_2000175.jpg,1
test_2000181.jpg,1
test_2000182.jpg,1
test_2000183.jpg,0
test_2000187.jpg,1
test_2000190.jpg,1
test_2000194.jpg,1
test_2000196.jpg,0
test_2000208.jpg,1
test_2000209.jpg,0
test_2000214.jpg,1
test_2000218.jpg,0
test_2000219.jpg,0
test_2000220.jpg,1
test_2000222.jpg,0
test_2000223.jpg,0
test_2000224.jpg,0
test_2000227.jpg,1
test_2000228.jpg,1
test_2000230.jpg,0
test_2000233.jpg,1
test_2000234.jpg,0
test_2000235.jpg,1
test_2000238.jpg,1
test_2000240.jpg,0
test_2000242.jpg,0
test_2000245.jpg,1
test_2000246.jpg,0
test_2000252.jpg,0
test_2000253.jpg,1
test_2000254.jpg,1
test_2000255.jpg,0
test_2000267.jpg,1
test_2000268.jpg,0
test_2000269.jpg,0
test_2000271.jpg,1
test_2000273.jpg,1
test_2000274.jpg,1
test_2000276.jpg,0
test_2000278.jpg,1
test_2000283.jpg,0
test_2000285.jpg,1
test_2000288.jpg,0
test_2000292.jpg,1
test_2000296.jpg,1
test_2000300.jpg,0
test_2000303.jpg,0
test_2000305.jpg,0
test_2000306.jpg,0
test_2000307.jpg,1
test_2000309.jpg,1
test_2000312.jpg,0
test_2000314.jpg,0
test_2000321.jpg,1
test_2000323.jpg,1
test_2000331.jpg,0
test_2000332.jpg,1
test_2000337.jpg,1
test_2000338.jpg,0
test_2000340.jpg,1
test_2000341.jpg,1
test_2000347.jpg,0
test_2000351.jpg,0
test_2000357.jpg,1
test_2000358.jpg,0
test_2000362.jpg,1
test_2000366.jpg,0
test_2000367.jpg,0
test_2000370.jpg,1
test_2000373.jpg,1
test_2000378.jpg,1
test_2000379.jpg,1
test_2000382.jpg,1
test_2000387.jpg,0
test_2000390.jpg,1
test_2000391.jpg,0
test_2000394.jpg,0
test_2000405.jpg,1
test_2000407.jpg,0
test_2000408.jpg,0
test_2000410.jpg,1
test_2000420.jpg,1
test_2000421.jpg,0
test_2000422.jpg,0
test_2000432.jpg,1
test_2000433.jpg,1
test_2000437.jpg,0
test_2000438.jpg,1
test_2000440.jpg,0
test_2000441.jpg,0
test_2000445.jpg,0
test_2000446.jpg,1
test_2000452.jpg,1
test_2000453.jpg,0
test_2000459.jpg,0
test_2000464.jpg,1
test_2000468.jpg,0
test_2000469.jpg,0
test_2000470.jpg,0
test_2000471.jpg,0
test_2000473.jpg,1
test_2000478.jpg,0
test_2000479.jpg,1
test_2000484.jpg,0
test_2000486.jpg,0
test_2000492.jpg,0
test_2000498.jpg,1
test_2000500.jpg,0
test_2000505.jpg,0
test_2000511.jpg,0
test_2000514.jpg,1
test_2000517.jpg,0
test_2000518.jpg,0
test_2000519.jpg,1
test_2000520.jpg,1
test_2000521.jpg,1
test_2000526.jpg,1
test_2000540.jpg,0
test_2000541.jpg,0
test_2000543.jpg,1
test_2000545.jpg,1
test_2000546.jpg,0
test_2000550.jpg,0
test_2000551.jpg,1
test_2000552.jpg,0
test_2000553.jpg,0
test_2000555.jpg,1
test_2000556.jpg,0
test_2000566.jpg,1
test_2000567.jpg,1
test_2000569.jpg,0
test_2000576.jpg,0
test_2000578.jpg,0
test_2000580.jpg,0
test_2000583.jpg,1
test_2000584.jpg,0
test_2000591.jpg,0
test_2000592.jpg,0
test_2000593.jpg,0
test_2000597.jpg,0
test_2000598.jpg,1
test_2000599.jpg,1
test_2000601.jpg,1
test_2000603.jpg,0
test_2000604.jpg,1
test_2000608.jpg,1
test_2000609.jpg,1
test_2000610.jpg,1
test_2000616.jpg,0
test_2000618.jpg,0
test_2000619.jpg,0
test_2000620.jpg,1
test_2000621.jpg,1
test_2000623.jpg,0
test_2000633.jpg,1
test_2000634.jpg,1
test_2000636.jpg,0
test_2000640.jpg,1
test_2000641.jpg,0
test_2000642.jpg,1
test_2000643.jpg,0
test_2000646.jpg,1
test_2000649.jpg,1
test_2000650.jpg,1
test_2000651.jpg,0
test_2000652.jpg,1
test_2000655.jpg,0
test_2000658.jpg,0
test_2000661.jpg,0
test_2000662.jpg,0
test_2000665.jpg,1
test_2000669.jpg,1
test_2000671.jpg,1
test_2000674.jpg,0
test_2000675.jpg,0
test_2000676.jpg,1
test_2000677.jpg,1
test_2000685.jpg,0
test_2000686.jpg,0
test_2000687.jpg,0
test_2000689.jpg,0
test_2000691.jpg,1
test_2000692.jpg,1
test_2000698.jpg,0
test_2000699.jpg,1
test_2000700.jpg,0
test_2000704.jpg,0
test_2000705.jpg,1
test_2000709.jpg,1
test_2000715.jpg,1
test_2000721.jpg,0
test_2000723.jpg,0
test_2000724.jpg,0
test_2000725.jpg,0
test_2000730.jpg,1
test_2000733.jpg,1
test_2000734.jpg,1
test_2000736.jpg,0
test_2000738.jpg,0
test_2000739.jpg,1
test_2000743.jpg,1
test_2000745.jpg,0
test_2000746.jpg,1
test_2000747.jpg,1
test_2000751.jpg,0
test_2000753.jpg,1
test_2000754.jpg,0
test_2000755.jpg,0
test_2000767.jpg,1
test_2000773.jpg,0
test_2000777.jpg,0
test_2000779.jpg,1
test_2000780.jpg,1
test_2000781.jpg,1
test_2000783.jpg,1
test_2000784.jpg,1
test_2000785.jpg,0
test_2000786.jpg,1
test_2000787.jpg,0
test_2000791.jpg,1
test_2000794.jpg,1
test_2000796.jpg,1
test_2000803.jpg,1
test_2000805.jpg,1
test_2000808.jpg,1
test_2000811.jpg,1
test_2000812.jpg,1
test_2000814.jpg,0
test_2000815.jpg,1
test_2000820.jpg,0
test_2000821.jpg,0
test_2000824.jpg,0
test_2000827.jpg,1
test_2000828.jpg,0
test_2000829.jpg,0
test_2000841.jpg,0
test_2000844.jpg,0
test_2000849.jpg,0
test_2000853.jpg,1
test_2000855.jpg,0
test_2000857.jpg,1
test_2000861.jpg,0
test_2000865.jpg,1
test_2000867.jpg,1
test_2000869.jpg,1
test_2000870.jpg,0
test_2000872.jpg,0
test_2000874.jpg,0
test_2000875.jpg,0
test_2000881.jpg,1
test_2000882.jpg,1
test_2000884.jpg,0
test_2000889.jpg,0
test_2000890.jpg,1
test_2000899.jpg,0
test_2000904.jpg,0
test_2000905.jpg,0
test_2000906.jpg,0
test_2000907.jpg,1
test_2000908.jpg,0
test_2000913.jpg,0
test_2000919.jpg,0
test_2000923.jpg,1
test_2000925.jpg,0
test_2000936.jpg,0
test_2000938.jpg,1
test_2000946.jpg,1
test_2000947.jpg,0
test_2000948.jpg,0
test_2000954.jpg,0
test_2000955.jpg,1
test_2000956.jpg,0
test_2000958.jpg,1
test_2000960.jpg,1
test_2000962.jpg,1
test_2000963.jpg,0
test_2000964.jpg,0
test_2000966.jpg,1
test_2000968.jpg,0
test_2000970.jpg,0
test_2000971.jpg,0
test_2000972.jpg,1
test_2000973.jpg,1
test_2000974.jpg,0
test_2000977.jpg,0
test_2000978.jpg,0
test_2000982.jpg,0
test_2000986.jpg,1
test_2000988.jpg,0
test_2000989.jpg,1
test_2000992.jpg,1
test_2000994.jpg,0
test_2000997.jpg,0
test_2000998.jpg,1
